	Timeframe	Sentiment	NumberOfTweets	AverageFavourites
0	2018-04-27 14:30:04	0.5660443230540212	116	6084.103448275862
